{
    "$schema": "https://schema.management.azure.com/schemas/2015-01-01/deploymentParameters.json#",
    "contentVersion": "1.0.0.0",
    "parameters": {
        "subscriptionId": {
            "value": "746dfe41-105f-49b4-9fa9-b26634d0af77"
        },
        "resourceGroupName": {
            "value": "antonbenkresourcegroup1"
        },
        "name": {
            "value": "outwizebank"
        },
        "location": {
            "value": "Israel Central"
        },
        "hostingPlanName": {
            "value": "ASP-antonbenkresourcegroup1-bc1b"
        },
        "serverFarmResourceGroup": {
            "value": "antonbenkresourcegroup1"
        },
        "alwaysOn": {
            "value": false
        },
        "ftpsState": {
            "value": "FtpsOnly"
        },
        "autoGeneratedDomainNameLabelScope": {
            "value": "TenantReuse"
        },
        "sku": {
            "value": "Basic"
        },
        "skuCode": {
            "value": "B1"
        },
        "numberOfWorkers": {
            "value": "1"
        },
        "workerSize": {
            "value": "0"
        },
        "workerSizeId": {
            "value": "0"
        },
        "linuxFxVersion": {
            "value": "DOTNETCORE|8.0"
        }
    }
}