{
    "$schema": "http://schema.management.azure.com/schemas/2015-01-01/deploymentTemplate.json#",
    "contentVersion": "1.0.0.0",
    "parameters": {
        "subscriptionId": {
            "type": "string"
        },
        "resourceGroupName": {
            "type": "string"
        },
        "name": {
            "type": "string"
        },
        "location": {
            "type": "string"
        },
        "hostingPlanName": {
            "type": "string"
        },
        "serverFarmResourceGroup": {
            "type": "string"
        },
        "alwaysOn": {
            "type": "bool"
        },
        "ftpsState": {
            "type": "string"
        },
        "autoGeneratedDomainNameLabelScope": {
            "type": "string"
        },
        "sku": {
            "type": "string"
        },
        "skuCode": {
            "type": "string"
        },
        "workerSize": {
            "type": "string"
        },
        "workerSizeId": {
            "type": "string"
        },
        "numberOfWorkers": {
            "type": "string"
        },
        "linuxFxVersion": {
            "type": "string"
        }
    },
    "variables": {},
    "resources": [
        {
            "apiVersion": "2022-03-01",
            "name": "[parameters('name')]",
            "type": "Microsoft.Web/sites",
            "location": "[parameters('location')]",
            "tags": null,
            "dependsOn": [
                "microsoft.insights/components/outwizebank",
                "[concat('Microsoft.Web/serverfarms/', parameters('hostingPlanName'))]"
            ],
            "properties": {
                "name": "[parameters('name')]",
                "siteConfig": {
                    "appSettings": [
                        {
                            "name": "APPLICATIONINSIGHTS_CONNECTION_STRING",
                            "value": "[reference('microsoft.insights/components/outwizebank', '2015-05-01').ConnectionString]"
                        },
                        {
                            "name": "ApplicationInsightsAgent_EXTENSION_VERSION",
                            "value": "~3"
                        },
                        {
                            "name": "XDT_MicrosoftApplicationInsights_Mode",
                            "value": "Recommended"
                        }
                    ],
                    "linuxFxVersion": "[parameters('linuxFxVersion')]",
                    "alwaysOn": "[parameters('alwaysOn')]",
                    "ftpsState": "[parameters('ftpsState')]"
                },
                "serverFarmId": "[concat('/subscriptions/', parameters('subscriptionId'),'/resourcegroups/', parameters('serverFarmResourceGroup'), '/providers/Microsoft.Web/serverfarms/', parameters('hostingPlanName'))]",
                "clientAffinityEnabled": false,
                "virtualNetworkSubnetId": null,
                "httpsOnly": true,
                "publicNetworkAccess": "Enabled",
                "autoGeneratedDomainNameLabelScope": "[parameters('autoGeneratedDomainNameLabelScope')]"
            },
            "resources": [
                {
                    "type": "Microsoft.Web/sites/basicPublishingCredentialsPolicies",
                    "apiVersion": "2022-09-01",
                    "name": "[concat(parameters('name'), '/scm')]",
                    "properties": {
                        "allow": false
                    },
                    "dependsOn": [
                        "[resourceId('Microsoft.Web/Sites', parameters('name'))]"
                    ]
                },
                {
                    "type": "Microsoft.Web/sites/basicPublishingCredentialsPolicies",
                    "apiVersion": "2022-09-01",
                    "name": "[concat(parameters('name'), '/ftp')]",
                    "properties": {
                        "allow": false
                    },
                    "dependsOn": [
                        "[resourceId('Microsoft.Web/Sites', parameters('name'))]"
                    ]
                }
            ]
        },
        {
            "apiVersion": "2018-11-01",
            "name": "[parameters('hostingPlanName')]",
            "type": "Microsoft.Web/serverfarms",
            "location": "[parameters('location')]",
            "kind": "linux",
            "tags": null,
            "dependsOn": [],
            "properties": {
                "name": "[parameters('hostingPlanName')]",
                "workerSize": "[parameters('workerSize')]",
                "workerSizeId": "[parameters('workerSizeId')]",
                "numberOfWorkers": "[parameters('numberOfWorkers')]",
                "reserved": true,
                "zoneRedundant": false
            },
            "sku": {
                "Tier": "[parameters('sku')]",
                "Name": "[parameters('skuCode')]"
            }
        },
        {
            "apiVersion": "2020-02-02-preview",
            "name": "outwizebank",
            "type": "microsoft.insights/components",
            "location": "israelcentral",
            "tags": null,
            "dependsOn": [
                "newWorkspaceTemplate"
            ],
            "properties": {
                "ApplicationId": "[parameters('name')]",
                "Request_Source": "IbizaWebAppExtensionCreate",
                "Flow_Type": "Redfield",
                "Application_Type": "web",
                "WorkspaceResourceId": "/subscriptions/746dfe41-105f-49b4-9fa9-b26634d0af77/resourceGroups/DefaultResourceGroup-ILC/providers/Microsoft.OperationalInsights/workspaces/DefaultWorkspace-746dfe41-105f-49b4-9fa9-b26634d0af77-ILC"
            }
        },
        {
            "type": "Microsoft.Resources/deployments",
            "apiVersion": "2021-04-01",
            "name": "newWorkspaceTemplate",
            "resourceGroup": "DefaultResourceGroup-ILC",
            "subscriptionId": "[parameters('subscriptionId')]",
            "properties": {
                "mode": "Incremental",
                "template": {
                    "$schema": "https://schema.management.azure.com/schemas/2015-01-01/deploymentTemplate.json#",
                    "contentVersion": "1.0.0.0",
                    "parameters": {},
                    "variables": {},
                    "resources": [
                        {
                            "apiVersion": "2020-08-01",
                            "name": "DefaultWorkspace-746dfe41-105f-49b4-9fa9-b26634d0af77-ILC",
                            "type": "Microsoft.OperationalInsights/workspaces",
                            "location": "israelcentral",
                            "properties": {}
                        }
                    ]
                }
            }
        }
    ]
}